0,1,2,3
-0.23395277853761087,0.3766613905019211,-5.800654621718835e-07,-2.461415455858994e-07
-0.3050259245592669,0.20280975132235154,-7.627441217321346e-07,-3.1364444952414043e-07
-0.2809566819189261,0.14636126860517476,-8.720128225713929e-07,-3.023855045358984e-07
-0.12295315520015702,-0.04799531914437463,-9.801690363329264e-07,-1.6577871709284354e-07
-0.10866924820078454,-0.2553546485483003,-1.0472212848711842e-06,-3.389977698750775e-08
-0.2121893977628287,-0.21072527489657666,-9.688772345821456e-07,-3.755387072987552e-08
-0.20390011997946153,-0.19426637609789874,-1.0334863983737782e-06,-8.501795726243142e-08
-0.2525440191915949,0.026313261750273563,-9.9768643680647e-07,-2.996108258287778e-07
-0.30893630745771206,0.20443409612665306,-8.190810812139767e-07,-3.2610591392919053e-07
-0.23187852224935326,0.29464948325859297,-6.637237954743229e-07,-2.431204402964425e-07
-0.2211039698292788,0.32517962480301293,-5.940614588260669e-07,-2.3343735628537215e-07
-0.15722201388030038,0.22327257157492947,-6.709530793436667e-07,-2.2815557794980496e-07
-0.09949024617503914,0.03346276423685215,-8.23293156507086e-07,-1.6335781388697384e-07
-0.2502444775486563,-0.07242301040138861,-9.252132750188998e-07,-2.151089826148084e-07
-0.1642582565597132,-0.024898805770563685,-1.0732855367115778e-06,-2.1200168090277468e-07
-0.18890630926515756,-0.078893843007629,-1.0522103927184515e-06,-2.447830265085994e-07
-0.0675278609949015,-0.19568123351566727,-1.1493735576033431e-06,-2.099964242499442e-07
-0.029904799006873935,-0.19930523064596525,-1.181956007904147e-06,-2.2234498720579092e-07
0.02718862621376625,-0.18844016445793196,-1.1746336306991736e-06,-2.224428175013536e-07
0.06381227751523606,-0.32778236358268587,-1.2155076133973362e-06,-2.597854345362367e-07
-0.003585964870107499,-0.05832098897626611,-1.2052491042381384e-06,-3.05703273586494e-07
-0.06393919781562982,0.026983852227274396,-1.1824642931732937e-06,-2.4440069513729237e-07
-0.060390086997270435,0.051065860441497066,-1.1647295422019058e-06,-2.3321313982419068e-07
-0.05332407810809883,-0.00747441827307131,-1.2007972737913706e-06,-2.904655440370979e-07
-0.05682670470847878,0.04259883811069051,-1.1793896794530822e-06,-2.55389416984818e-07
-0.05771602119455895,0.27118343336547085,-1.0185794479594378e-06,-7.476111178819622e-08
-0.0734303372875441,0.28949540102959603,-9.94095249180308e-07,-7.564740138475315e-08
-0.13949440106561836,0.3383602095141842,-9.246198231017219e-07,-9.691517882766876e-08
-0.17689217769896493,0.38428430755071974,-8.372061944033912e-07,-1.2623676925122998e-07
-0.12109439811542687,0.4387381394772994,-7.578093062656778e-07,-9.052289443436318e-08
-0.21352520739529024,0.3837933876146021,-7.909178135416135e-07,-1.9924778323585343e-07
-0.07097319783540329,0.38751452995169444,-6.987027114640962e-07,-1.2958415179669857e-07
-0.14236908296697792,0.38629973394989864,-6.416008809213975e-07,-1.702249718230647e-07
-0.29582571920602213,0.37252454362644694,-6.693112777479614e-07,-3.08996717266301e-07
-0.3574003861423987,0.4422036264087882,-5.591058523651215e-07,-3.404362013856919e-07
-0.23736814529020486,0.36424277047216125,-5.922003160118876e-07,-2.9205303888725535e-07
-0.2536233501125735,0.3353519783382407,-5.925509724020814e-07,-3.17723179630491e-07
-0.3352608501826514,0.37232986847936583,-4.729166254388261e-07,-4.320328562775885e-07
-0.5013897366529654,0.3953854077362516,-3.8782149857062113e-07,-6.651307218589198e-07
-0.45298498650964725,0.49530781324453654,-3.327493343921372e-07,-7.282629912413476e-07
-0.41921562929463374,0.5033400867290947,-2.5398976641529645e-07,-8.002137363470352e-07
-0.4655677342334918,0.40248758800328277,-2.2445543515286872e-07,-8.803832839048037e-07
-0.5218947814919185,0.2159699451584333,-1.591828184677334e-07,-1.2261620839152161e-06
-0.5553259048576868,0.14116813592671393,-1.3960006343832234e-07,-1.3191854746851025e-06
-0.5828843181405715,0.02820076426327763,-1.0386308103275419e-07,-1.3718694685014373e-06
-0.5012362164067439,0.02096084940601907,5.1353161399095835e-09,-1.5373750608475001e-06
-0.3179485371575488,-0.0616114221687788,1.6100541151377761e-07,-1.402442757895792e-06
-0.32194291785339535,-0.06178686064124717,1.781864163958203e-07,-1.4418379602940616e-06
-0.40043865564688097,-0.05784141867816999,1.3573498667067271e-07,-1.4817053921730743e-06
-0.33888070671872506,-0.05145368850625672,1.744154847942556e-07,-1.5371688240082057e-06
-0.24827583014159763,-0.011102070371545694,1.9238640762216858e-07,-1.5527661459953458e-06
-0.18167923663825022,0.015998749189657487,2.1820902217303543e-07,-1.6100999873191539e-06
0.08084038440058725,0.008158265350988545,2.417125557750478e-07,-1.5943249843627757e-06
-0.012358433866681902,-0.06888519357335582,2.3089693439889447e-07,-1.4406449595006055e-06
0.08820752131587999,-0.07128304506383641,2.529560011119868e-07,-1.4023121412309058e-06
0.14604285912084977,-0.016682244943215272,2.1671026290330504e-07,-1.558832681945048e-06
0.08803381713290422,0.023796335243939974,2.016818423356317e-07,-1.6352783325225338e-06
0.10250345712604539,0.16196086514890068,2.1170870400337206e-07,-1.7633360741644327e-06
0.16553993039098566,0.18397531557574384,2.2793590033933825e-07,-1.7717262118368506e-06
0.4604890214493944,0.1769675873810613,1.5467767072525012e-07,-1.5699250510246293e-06
0.7421784893291704,0.08573977406425182,1.4428625381782843e-07,-1.2488613565477974e-06
0.8295282473788436,-0.1387443316300725,1.2808598650274418e-07,-1.1042438543353854e-06
0.8614239644042475,-0.27654355708413686,2.1934247440729463e-08,-8.588608832872209e-07
0.8243660526453382,-0.3486286669436691,-5.0696072691826504e-08,-7.461093524016121e-07
0.5708692629700872,-0.6452077893849513,-2.434593610130002e-07,-6.875042460478978e-07
0.3307142593675291,-0.6048056749793818,-9.632179694835342e-08,-7.178395698584517e-07
0.32538936987109585,-0.7702505988030558,-2.5312528693311324e-07,-6.07651457122789e-07
0.42055398125133725,-0.898771014257655,-5.923080320954153e-07,-5.745488579788327e-07
0.5205704848222563,-0.9055510764082956,-7.158278313888247e-07,-4.618816726723712e-07
0.5552615751490462,-0.8458721789233979,-7.368518681541483e-07,-2.834386847536561e-07
0.5273321036349222,-0.7887613774993038,-8.451163047280971e-07,-1.0894460349501781e-07
0.46792058385978147,-0.7092715906644547,-9.902377393288113e-07,3.218623586193881e-09
0.29836776775461404,-0.4808810934565171,-1.1815038609567583e-06,6.279780239626723e-08
0.22175402915484826,-0.37176990558595474,-1.2304585044452125e-06,7.589542812867893e-08
0.20647213861596125,-0.2798563048192004,-1.2568763806592841e-06,2.807597965764674e-08
0.11601792799096887,-0.07635652562620589,-1.2710403217447743e-06,-5.943718581622326e-08
0.102050643757044,-0.11734737845829894,-1.2804930957778258e-06,-6.681359010164844e-08
0.12785611271454636,-0.13224233561095944,-1.2928081279322793e-06,1.3641516156681389e-08
0.16781704543753068,-0.15315760245042948,-1.289997556157409e-06,6.90816802458412e-08
0.14879949557391947,-0.12945378725909368,-1.2945579713657973e-06,3.207274384068807e-08
0.11326679624792306,-0.06060476698629304,-1.2961265144423293e-06,-4.809480233003155e-10
0.0973335150228769,0.05877476542581472,-1.2611594341915727e-06,3.8973216958511076e-08
0.07086564595916764,0.11689914723525523,-1.2200161612845906e-06,7.241478485628173e-08
0.08353606128709617,0.11073590905607288,-1.2237622993655853e-06,9.399984974426545e-08
0.10839655502383248,0.04941419955924545,-1.2555919315140725e-06,7.15115732626545e-08
0.046799257612913286,0.15931370635543868,-1.1853306413207165e-06,1.0692243856948124e-07
0.020688379188160095,0.1932939454916573,-1.1432743153481863e-06,8.969055742783203e-08
0.017189218516313706,0.16216631283376495,-1.1620222345353367e-06,4.296627945469328e-08
0.07097227423111169,0.1579952246774801,-1.171896679392682e-06,1.1459973711531268e-07
0.03770262235937706,0.22872251385947065,-1.1010253962034613e-06,1.1367061371367155e-07
-0.005986833953115312,0.28608339205353067,-9.947575438363536e-07,7.444701094194299e-08
-0.2407317269929446,0.43699087232222233,-6.477114521866836e-07,-1.1976040368498134e-07
-0.47457894454258337,0.45819815188231405,-4.648816426382564e-07,-5.022940457382883e-07
-0.53637910071179,0.37649595510025136,-4.938795651782777e-07,-5.964374611892649e-07
-0.5570089189779509,0.3900855115136899,-4.5215174430457066e-07,-7.050711298502982e-07
-0.5428293975908831,0.42031498383391247,-3.797646540380451e-07,-8.461553719556725e-07
-0.5324980762668056,0.4018639350123371,-2.8594365572599835e-07,-1.056186440280552e-06
-0.49330494865307795,0.42044790925548664,-2.3447361003967942e-07,-1.1011550610576472e-06
-0.4946925433353938,0.34082712066652465,-1.7581206798106063e-07,-1.2018441165003792e-06
-0.5107999364997138,0.19023569896172063,-1.2220840411873543e-07,-1.404911254218422e-06
-0.48013075041888986,0.09019287187035975,-3.388917850848777e-08,-1.5886825559646478e-06
-0.4536771528256129,0.05507940023270343,2.1740821785362402e-08,-1.658033130458002e-06
-0.4519456157058791,0.025007861011051635,4.2373808629169176e-08,-1.6873132091075002e-06
-0.45489919845091425,0.03318844925687418,3.0387209183697885e-08,-1.6771370075255531e-06
-0.29011550000791725,0.039432289102684,1.4811973024208668e-07,-1.7517860179453408e-06
-0.03183613671265969,0.06667411348879872,1.8902288604620485e-07,-1.7879708002119294e-06
-0.0898598579273356,-0.003420289098432026,1.954647132242752e-07,-1.6662469091922028e-06
-0.10844090467386804,-0.0011874882761289097,1.96931476184248e-07,-1.6710554004222101e-06
-0.01260838847739586,-0.015545357473601125,1.758748639904382e-07,-1.6481398435145742e-06
0.0860751597551481,-0.016358106975990258,1.5663596070615944e-07,-1.602267217925239e-06
0.22144556151536196,-0.16758818627793792,1.3209927929224635e-07,-1.4170363939317e-06
0.20912255455338494,-0.26350686269906903,7.035885251279232e-08,-1.382729160121302e-06
0.08339925904909531,-0.2973533107633559,4.085970271312972e-08,-1.3530141332658562e-06
0.08915779736852089,-0.35379323316033,-3.004759442202851e-08,-1.281220181039273e-06
0.31081391711860673,-0.6122089092041026,-4.004296371916095e-07,-9.103103645360365e-07
0.48119835219367807,-0.7980105630198652,-6.718744572409392e-07,-8.065928004301295e-07
0.546796962157511,-0.8541858849575408,-8.15221978785976e-07,-6.404441721953953e-07
0.5630321869212743,-0.8327497851529303,-8.710566975504019e-07,-5.392062094726957e-07
0.558719960191086,-0.729655252001001,-9.350357077754288e-07,-4.2525189476407445e-07
0.5058680159829199,-0.5167642244454299,-1.0188902175471965e-06,-2.0874155240469982e-07
0.38431586352968805,-0.3044722269373002,-1.1296403764841669e-06,-2.405948322337003e-07
0.24661574616047877,-0.08437975787369605,-1.2215281678952387e-06,-2.2649299173764805e-07
0.194898383851679,-0.025457823534810506,-1.2273419770070153e-06,-2.0754643636160992e-07
0.19784625800854128,0.014974781000020244,-1.1923313542668489e-06,-1.9678880553657556e-07
0.19446860871351832,0.028058028137650945,-1.2046031696861772e-06,-1.4976733498988967e-07
0.14594825965969865,0.13513032086600676,-1.1285510541555877e-06,-1.0807946639479876e-07
0.1168332367089502,0.1782714491863142,-1.1284712443557966e-06,-1.903380256124977e-08
0.03454006451158348,0.2252170146447873,-1.0939064344519241e-06,-3.206162505574648e-08
-0.04174828456232628,0.34940167600841654,-9.76661169413848e-07,3.550579399632505e-08
-0.10234331699260125,0.356406326335161,-9.49287819687355e-07,-1.493656402060354e-08
-0.1394519944106196,0.4304178929737882,-8.333740933861135e-07,-3.700337701268234e-08
-0.07557126173053536,0.41656575595188544,-8.522886177925106e-07,-2.7194435648401635e-08
-0.13443863072590814,0.4611996502221431,-7.258196563734822e-07,-1.1358599000395585e-07
-0.11334580518329415,0.45719515166800473,-7.09017829479019e-07,-1.3098444705426584e-07
-0.14620994341660296,0.4390865156545365,-7.190086410059013e-07,-1.7669393401559507e-07
-0.20400144741953072,0.45370407995928097,-6.940434117327918e-07,-1.9573223834449874e-07
-0.12560622155351814,0.4176947563849084,-6.922382986556087e-07,-2.6285360413004534e-07
-0.1033101071753138,0.40232523046955104,-7.481721191124737e-07,-2.3580061893872114e-07
-0.15868626674665245,0.42261780615180605,-7.030753474247219e-07,-2.442579157870117e-07
-0.23160879145818314,0.48215973851346083,-5.955386459231553e-07,-2.747418358843391e-07
-0.18514944661293398,0.49748482771046265,-5.174433271280691e-07,-2.6863193731714415e-07
-0.07724347030890069,0.5862136046283284,-4.2086688190513464e-07,-1.457710996192568e-07
-0.12035554370333276,0.5945890603879782,-3.3960030895199447e-07,-1.606587553542611e-07
-0.04316849974848733,0.3987170074124356,-2.392952077946863e-07,-1.686967039626533e-07
-0.006826811927129594,0.25971529742832755,-6.473246287733285e-08,2.1936996407987202e-08
-0.02053843296216759,0.24934576797831898,-2.106835853440495e-08,3.269251198338778e-08
-0.04577956720314774,0.3086660938484348,3.415017790274374e-08,4.9363851972083326e-08
-0.07379140548948082,0.32801780377537965,1.5459804190006159e-07,4.915126938388769e-08
-0.10894142552974305,0.258915436497929,1.58203200765552e-07,5.186883635089608e-08
-0.10162566590800652,0.2611372724157028,2.3659285665447148e-07,5.652555841967908e-08
-0.1839730696930159,0.18093380495272027,2.2012691862262183e-07,-9.000677352371905e-08
-0.2433854049807528,0.1431233515343549,2.696592330428983e-07,-2.5745390062739453e-07
-0.1435811385629767,0.09586384354620156,4.629941115492435e-07,-1.9055410724098714e-07
-0.11466612007642922,0.07622781556848011,5.10246435534849e-07,-2.06466072611153e-07
-0.02166689851706299,-0.10529329341245093,7.073784507652301e-07,-1.3023935037076422e-07
0.04256022313822762,-0.07859298141668543,7.859227313546974e-07,-7.957541995469639e-08
0.12434818528229158,0.08652674642265985,9.199797406954646e-07,-6.278879886095943e-08
0.18265081180484408,0.22474302298232887,9.709694073963735e-07,-1.8459512285676487e-08
0.19778101700085085,0.2525632941740493,1.1066766155544113e-06,6.50896753744759e-08
0.2018748902334253,0.2774999878413169,1.1947452275348384e-06,8.730719990296205e-08
0.2069912123833982,0.2788831047459744,1.3911264153335327e-06,1.5719187492884772e-07
0.20584664045472925,0.256931558245115,1.4401661892750975e-06,1.5787192768611037e-07
0.14724370141865173,0.2443982876346631,1.4610923549752804e-06,1.596386899427313e-07
0.058884746531267323,0.21222533407831334,1.471250966153787e-06,1.6754972357309626e-07
0.006016899827476654,0.17696393241288488,1.4786219893319666e-06,1.670119213537058e-07
-0.040016747442592475,0.0796896475317925,1.52356276091219e-06,1.466944198087692e-07
-0.04779245616854653,0.03243148611086206,1.5360560892452246e-06,1.3827784151592906e-07
-0.04256583593994698,0.02796684629998646,1.5378061860431865e-06,1.3507958406964248e-07
-0.029535983435273975,-0.043267329258050345,1.5342599525083357e-06,9.422829670471449e-08
-0.04589149630696663,-0.10821592138636764,1.4621674888950076e-06,8.159549707932757e-08
-0.041222686694120256,-0.0600978806102468,1.488800869665976e-06,1.0949405331175829e-07
-0.014185997594610063,-0.025638455909424325,1.5713559817903489e-06,1.0272948498290613e-07
-0.029588991754022447,-0.07098314530662347,1.5189298110830389e-06,8.766573471588902e-08
-0.019235243833551255,-0.04665240688965782,1.5153560694085773e-06,9.422935432953138e-08
-0.028980619357309192,-0.052215845554414296,1.508324988924112e-06,9.477984804672456e-08
-0.021690140626052706,-0.03960524351201912,1.5003812173233036e-06,1.0068774027389282e-07
-0.021478515107356873,-0.06615666364628187,1.5026522314176807e-06,8.554784102005937e-08
-0.023495481635736316,-0.11366470947043207,1.457202124915615e-06,3.691349262761058e-08
-0.04194523085429177,-0.18143974619960226,1.3840678267094566e-06,-1.552354579397955e-08
-0.08971877424820504,-0.2645662263699938,1.2446907431680023e-06,-1.2492954497754935e-07
-0.2175471116412562,-0.3883309511268264,1.0331638632590843e-06,-2.9003826361107283e-07
-0.4255631715866145,-0.4397730892760323,7.270267909906601e-07,-6.393590491332624e-07
-0.5155918885145758,-0.5831417167639831,6.428612944616107e-07,-7.32942716649898e-07
-0.45187772428225126,-0.4809626569568752,5.196574044346766e-07,-8.120961511648359e-07
-0.5902237276275958,-0.47496408471237805,3.461160801749688e-07,-1.0601160452877207e-06
-0.4510807645976828,-0.29168060778679894,3.6190111936161537e-07,-1.1427892551932808e-06
-0.4779160220859488,-0.2779956374672811,2.983099739050976e-07,-1.2414463489565557e-06
-0.45498870095833954,-0.1971230222778937,2.58928163001127e-07,-1.3591383097680793e-06
-0.357308437097185,-0.16455302375753655,2.6833203769652864e-07,-1.3453331330331657e-06
-0.3665406513198279,-0.11155079129723582,2.3124845946718132e-07,-1.4834332867176744e-06
-0.36566560630418,-0.0916914255272602,2.1054264844324758e-07,-1.5485610297233764e-06
-0.34511265010020437,-0.06260037961062082,1.794755346857816e-07,-1.6423549001723697e-06
-0.26278767291158855,0.007974555108436683,1.398907426674213e-07,-1.8263509471921853e-06
-0.18493720945979103,0.05122475537379847,1.2828983629522683e-07,-1.9628538229969805e-06
-0.09748428906670746,0.06500283119844208,1.430989156444263e-07,-1.961117731860049e-06
-0.036913518136167375,0.09437742569887356,1.6513800276138043e-07,-1.946616109183211e-06
-0.0008939577902811438,0.07305318715713624,1.5565001107064322e-07,-1.971111493161082e-06
0.012311026044410858,0.04550780804563216,1.4420474285677182e-07,-1.96374592953003e-06
0.15167825503825966,0.023554337877311447,1.1005454576768795e-07,-1.9950130208042673e-06
0.1266891141894838,0.04117224632140819,1.1654472935960005e-07,-1.972326439669489e-06
0.1500557927282583,0.03723815399635253,1.0604009474072848e-07,-1.997793516447881e-06
0.23558104522223872,0.01621535414579717,7.964762736087604e-08,-1.9810005496052427e-06
0.3047556779201032,-0.0025552158410961845,7.073759616132543e-08,-1.9524637167958167e-06
0.34073568590507713,0.01344392643433676,5.724731493693027e-08,-1.9365311277417213e-06
0.3731054196269819,0.038868654536530114,5.8509504206009636e-08,-1.8870163066892084e-06
0.3402620769648744,0.034989771467613076,9.688712323451176e-08,-1.891826384356441e-06
0.37167256399558085,0.030863889496668198,1.0752640295779304e-07,-1.8562833159475025e-06
0.34783982000811786,0.033914441356759764,1.2647111392792068e-07,-1.8522823212651937e-06
0.29252747429742637,0.06768211523850737,1.440026304204751e-07,-1.8639013875035879e-06
0.41590392842820184,0.07382900224426887,1.0694265127931999e-07,-1.7779714863806078e-06
0.533329791023163,0.06207924139079473,1.2915996218501428e-07,-1.6123715010196373e-06
0.5174866239399892,-0.0067134154253905036,1.0129132116584856e-07,-1.7063649981528193e-06
0.6572542696185381,-0.05525004624108502,6.159533835158862e-08,-1.569956515362932e-06
0.8226114772947638,-0.04110839726626023,4.3449087328578723e-08,-1.278810382893981e-06
0.9049350273363364,-0.13461844965912761,4.116067177496332e-09,-1.1395037436996005e-06
0.9473555460492499,-0.24263891807914642,-3.199806630010114e-08,-8.532948682821135e-07
0.8666094012467425,-0.39025683080568296,-1.5469276618487515e-07,-8.024009044683714e-07
0.6336058314778006,-0.6346609939783862,-2.836383288469492e-07,-8.469834921873003e-07
0.5453551358875525,-0.7338292256584779,-3.507651389215201e-07,-7.910626376188623e-07
0.5635590080583746,-0.7774035638910647,-4.796081975686241e-07,-6.775165660895621e-07
0.48924052966041776,-0.6599390424366571,-4.289257533532609e-07,-6.092780840911715e-07
-0.06016072407960877,0.011424652700235285,-2.6768479400764625e-08,-7.483015442408285e-07
-0.4496199776598643,0.26962987952374434,-1.5081933056834047e-07,-1.179733147672195e-06
-0.4166895790281199,0.45693911152890887,-1.6702234869738577e-07,-1.052869200042365e-06
-0.3372613025809592,0.5238319543603379,-9.112666761337122e-08,-1.0439380872761061e-06
-0.12239493682810579,0.4855502024139599,2.091743356671442e-07,-1.2017653234515206e-06
0.0610014094745237,0.3723275600784123,2.826536438558921e-07,-1.4328283188851485e-06
0.2138093054433462,0.12277191162778489,2.2450853092354152e-07,-1.5765701077491724e-06
0.3909529127932951,0.007339744846215584,2.05810379752134e-07,-1.3907686951669194e-06
0.59162303915086,0.08492779402884719,1.7024829120261632e-07,-1.2299541976961885e-06
0.7592290228109152,0.1709014944086734,2.0324010605473024e-07,-9.002901626145812e-07
0.8656572902907602,0.36932413807112197,3.4487416006139194e-07,-5.87083827308657e-07
0.825646611299412,0.541489682720883,4.0830952257990453e-07,-4.1378036718763685e-07
0.735432365255831,0.6509461689007444,4.3106874383592734e-07,-3.633681514779897e-07
0.6972839092777464,0.6995682105517196,5.719941012984111e-07,-1.557920947593247e-07
0.5199594620096056,0.6019642090677645,8.521466953313125e-07,-1.663302684348536e-07
0.5091620752368394,0.4641746019510065,9.959360844663047e-07,-1.5788777833399958e-07
0.45430172738255326,0.36231140834104014,1.0356922956283436e-06,-4.20376711410964e-08
0.36662535653813,0.4055265978586067,9.563385518359142e-07,-6.200033955996517e-08
0.32272142041285534,0.5402029415560355,9.17488661484203e-07,-6.785164885942962e-08
0.25731404815281506,0.5157323525146351,1.0686166431485704e-06,3.073061794804995e-08
0.20110443470823114,0.5076146681947963,1.0722865185319868e-06,7.583831638856667e-08
0.13733012642194192,0.46705317794006,1.1606105218717459e-06,8.95176357702699e-08
0.12268209304839722,0.45552021440947166,1.1874098201584707e-06,7.406626600786125e-08
0.07684885799882714,0.3805754766853795,1.292399123152415e-06,1.118811125234874e-07
0.040337135801176226,0.30894117829539725,1.3708178797574486e-06,1.2746098370114864e-07
0.03180300036082093,0.3439777032346025,1.3143685712422496e-06,1.1677738661329682e-07
0.04551156322362343,0.32223602885376834,1.366788950762273e-06,1.1296306271116966e-07
0.03497228618753258,0.24361285421022408,1.4653879681449963e-06,1.3272055191556106e-07
0.025598784407610094,0.20345033258695647,1.5068409971819618e-06,1.2886973995725107e-07
-0.007085737176400987,0.207124922171486,1.4866896923407046e-06,1.2249755043546647e-07
0.0026488328054582212,0.17167596292858311,1.5232401917803353e-06,1.1808090920011832e-07
-0.0027260068374880225,0.12550198048882785,1.5569165249697063e-06,1.0989383549254411e-07
-0.027235218523441164,0.07026386933828596,1.579658517443552e-06,9.911240810912964e-08
-0.04513184632367119,0.021958463351436832,1.5897360520000486e-06,8.365945190949565e-08
-0.031374964339547964,0.004670463876948931,1.6015034550067282e-06,7.268024868532205e-08
-0.04279254844167122,-0.00592721253396698,1.59873121365271e-06,7.583672995134132e-08
-0.04182004967078575,-0.017200096223790786,1.60192968639101e-06,6.831543106600171e-08
-0.05345904544275841,-0.020373185701165638,1.5927066415186275e-06,6.768773073717529e-08
-0.05718756903226647,-0.008394700786545774,1.5899633561010414e-06,7.69086327032631e-08
-0.05473083733642373,-0.0035824542654175973,1.5871459434861888e-06,7.939087814851264e-08
-0.04238846195028862,-0.003665171966252468,1.5966799751158533e-06,7.461358685060375e-08
-0.046770618885595173,-0.036669534599365734,1.587464458786943e-06,6.004268974825911e-08
-0.05935785192871842,-0.013745766563577375,1.5507767082086238e-06,8.71147121862874e-08
-0.05763487769124398,0.024507322737627603,1.5532993493905966e-06,1.0680028290313001e-07
-0.07704183481950745,0.010420305918703058,1.5491496741404987e-06,1.0337622255843663e-07
-0.06651050903122888,0.02541202354466573,1.5678743199937418e-06,9.92541298345934e-08
-0.057297663232744066,-0.0038494593090427137,1.580292652451417e-06,8.167164606614392e-08
-0.06753438509567056,-0.005506506460185907,1.5742203030222214e-06,8.402433247132398e-08
-0.07821352254199776,-0.06816766561029984,1.5523811566463317e-06,6.388609833285085e-08
-0.04579893562730584,-0.029987483305877232,1.5740387493007917e-06,5.9567816205473837e-08
-0.0627738303157595,-0.029332666902058862,1.5753142583006298e-06,7.551468319459719e-08
-0.04461685011921486,-0.04069884846375456,1.5561332668892154e-06,5.603006119296438e-08
-0.04424660740057167,-0.0251825467211019,1.576727307998521e-06,7.362047714754056e-08
-0.04163085074848351,-0.006928481447561166,1.5782020338410125e-06,8.547222084565147e-08
-0.043770348044431535,0.007963782570653536,1.5586318746439496e-06,9.447630972427606e-08
-0.03794310278878197,-0.014318827100291512,1.561064173304254e-06,7.053855843111229e-08
-0.0340343509155291,-0.007667362119437299,1.5690948127143588e-06,8.431200642151907e-08
-0.049460791062080234,-0.014043550286582909,1.5702405991189806e-06,8.882700676483831e-08
-0.023902626299354402,-0.017197787822837256,1.5701557582252344e-06,7.090714067979974e-08
-0.017015418546884386,-0.003862540247779391,1.558663726174025e-06,7.054278893037986e-08
-0.014035739398773043,0.04405890171379904,1.5648817239634745e-06,1.0312292141479059e-07
-0.038770440317556235,0.0026615779471383474,1.5501944043269723e-06,8.831405872864486e-08
-0.024167667893096774,0.04202808597492991,1.5653186690442362e-06,1.0388018078368648e-07
-0.004527678040489045,0.027638860997838893,1.5652749455802236e-06,8.598939938111249e-08
0.010281011314493332,0.08003436874085317,1.5640553215376995e-06,1.0801866669219157e-07
0.012549563478778992,0.12233427728034459,1.5435956359734396e-06,1.223658761457632e-07
0.013175061640010987,0.1085313861454505,1.5465143943658048e-06,1.1677791542570527e-07
0.002467177374670181,0.09308606773211894,1.5672905683152687e-06,1.176144966558682e-07
-0.009364687126287309,0.012681384652686933,1.5753904124134465e-06,8.388102430863488e-08
-0.02859427026489243,0.00973086350058172,1.5731185296409765e-06,9.521188778442564e-08
-0.025024159997182695,0.04156082714858595,1.5764383277529277e-06,1.021038999037135e-07
-0.05690091635472664,-0.04093430536101474,1.5685799761645943e-06,7.064643616243544e-08
-0.026548760795648423,0.0003853022402103923,1.5563348002067835e-06,5.8145839639160244e-08
-0.04258071904482636,-0.0005430596766014316,1.5857931221360766e-06,8.70967325644002e-08
-0.03336970814968285,-0.00999211424638941,1.5774375971192026e-06,7.268024868532205e-08
-0.04780203844155106,-0.08439687851410141,1.5517247255674137e-06,4.233064693974016e-08
-0.03962428200570473,-0.0788861483377839,1.5493986951938157e-06,4.0452834077345376e-08
-0.043324262654348224,-0.10586423791495767,1.5319669319022702e-06,2.2538784928799723e-08
-0.04870501476361641,-0.15853733087263408,1.512959676109449e-06,-4.714293999482721e-10
-0.21871941099819361,-0.3878598449655599,1.2105765962197766e-06,2.5948038526056595e-08
-0.12077695983738312,-0.4324704628595361,1.1876550769400513e-06,-9.160378699722855e-08
-0.40707896696087253,-0.6676926726894495,8.644196689880983e-07,-2.3426018839291545e-07
-0.762934412383129,-0.8150323269177124,6.470711980594875e-07,-5.997615759887619e-07
-0.5405278171664541,-0.7444892288951391,6.614494130745759e-07,-2.5064491205623283e-07
-0.6534394097855357,-0.7160083702972164,6.10023525191316e-07,-4.1716370897687983e-07
-0.6760643796181296,-0.7086377422359642,5.060602758048466e-07,-6.055499566116211e-07
-0.7076426583654899,-0.6497115758286639,2.89166123518857e-07,-6.146233199157523e-07
-0.5072508256813544,-0.7756360020442712,1.2721542627391026e-07,-6.055007770576356e-07
-0.49260727762708845,-0.5023931781258479,1.3171966696562028e-07,-7.898955486334201e-07
-0.4152838391905402,-0.19890876278219624,9.204829669732772e-08,-9.707562668835543e-07
-0.3081403671638888,-0.2388975772337106,8.765336466564921e-08,-9.032293019807289e-07
-0.3537540254469508,-0.09316495480259766,4.549728549211001e-08,-1.0568247168575474e-06
-0.4695217470558299,0.048365993159596124,-2.259595685826443e-09,-1.2772017355474855e-06
-0.3626249675895079,0.22778530307233696,2.2420851952472493e-08,-1.497865634969006e-06
-0.20250946712491022,0.40316741208409773,1.5874192596287296e-07,-1.3273283925565712e-06
-0.16252019533921036,0.32092331817819353,2.1995868463195078e-07,-1.512383650830506e-06
-0.1182496863019751,0.17188448848138546,1.9649192506920728e-07,-1.715351636221965e-06
-0.13668251363416084,0.03076886032408116,2.2463608182352535e-07,-1.5736944258720385e-06
-0.10846455453915582,-0.026684546274866244,2.0107608414547019e-07,-1.482735783150933e-06
-0.030804513278554765,-0.05730221468877431,1.844623260581342e-07,-1.4064760101350162e-06
-0.09274371434540161,-0.06225623550179853,1.6855089420896107e-07,-1.4122984991582204e-06
-0.18702757212182222,-0.10231737984985688,1.642154666266507e-07,-1.3803479178460656e-06
-0.14792150047773156,0.136078881291162,1.381559925157685e-07,-1.785222562125231e-06
-0.035688822094928595,0.35868183257510444,2.707918444964436e-07,-1.558739082148753e-06
-0.022467528008313982,0.29456291822283553,2.600546937080215e-07,-1.6477625358611471e-06
-0.010894792634776917,0.2145254632617611,2.3725334156448984e-07,-1.7545112526922716e-06
0.18041997709812943,0.12869757687549965,2.14515692481109e-07,-1.6771610684901375e-06
0.2799074168723089,0.19837492835712575,1.952802639092021e-07,-1.6511606843978267e-06
0.4996693047397329,0.2170075713870456,1.9309828931935407e-07,-1.3913297651322816e-06
0.7572679188953707,0.06297759409521066,1.605369044623047e-07,-1.1591581144843448e-06
0.8725875163326762,-0.05937419691131475,1.8080084789628318e-07,-9.783426096951327e-07
0.8608614645910666,0.0723693233746526,2.1427984637886877e-07,-8.780546584642079e-07
0.823513841982382,0.27122094488096576,2.6713673664060764e-07,-7.344950454748938e-07
0.5017347942675822,-0.14254242066561593,9.176800323266407e-08,-9.14458897880302e-07
0.7135303473397067,0.006263837635123887,1.1534059674306724e-07,-7.505587800062839e-07
0.7522747391474135,0.4667530858161009,3.3898452259108355e-07,-3.305135653535951e-07
0.6465565792606489,0.7474596433009021,3.6347530884575165e-07,-1.6539955859598715e-07
0.6469859466425115,0.8074778757259689,3.7345236630282863e-07,-8.634177736733923e-09
0.6139324056087515,0.8096291130479139,4.6630681545676875e-07,7.527936167283834e-08
0.4523451087862875,0.770096207784722,5.991017803081387e-07,1.0310917229217097e-07
0.34032833736331003,0.6908566900865849,7.361532678150413e-07,1.036743588942158e-09
0.19604091699885767,0.5865931442184382,8.835540413418567e-07,7.263635725542096e-08
0.10686012929272286,0.4904907575547552,1.0180856384807476e-06,1.5652768654383847e-07
0.058948764270063556,0.4214984240560895,1.1601101632901975e-06,1.6213309807337513e-07
0.03949675007086388,0.37792639422445623,1.2016978374315728e-06,1.6753808970011043e-07
0.02065392378097359,0.299762976104157,1.3292921713200383e-06,1.6691514868296004e-07
0.006154925334371719,0.27356454894903837,1.3586170063823791e-06,1.6779826540506628e-07
-0.03507412947559532,0.170282842953127,1.4137401330089837e-06,1.6830592531717526e-07
0.0012057832666055293,0.27494420325226554,1.3747726815553578e-06,1.5627279896296708e-07
-0.009132469914539186,0.2324955952180175,1.44137365182432e-06,1.483173450902926e-07
-0.030692788052884907,0.09984621992453525,1.541760408722367e-06,1.2400202173749777e-07
-0.03282739227325615,0.07967425819210229,1.5442569895615508e-06,1.2532458157102335e-07
-0.021501553338197556,0.05989703302272318,1.5619287975661191e-06,1.1450084919493311e-07
-0.05641323982224068,0.0831891833773459,1.533122563325279e-06,1.3248311514416843e-07
-0.046949012265998694,0.11436067565335534,1.5389858508934342e-06,1.2287353605787218e-07
-0.051532193056251376,0.07578344838492534,1.5676302214496183e-06,1.14671126790453e-07
-0.051968900051479194,0.05459963756786118,1.5715841545694344e-06,1.0996998447936046e-07
-0.0609609458145617,0.04222430005598007,1.5652268787257462e-06,1.0960510391753213e-07
-0.06509722570213494,0.016112437936618904,1.5738904949062589e-06,9.913779110473509e-08
-0.06219338922546372,0.04180147794799159,1.5816031981343381e-06,9.658785767120435e-08
-0.06703019443311295,0.025528213059326805,1.5866270531053239e-06,8.450132126374304e-08
-0.049507479158208696,-0.00262946940510144,1.599962420069807e-06,7.18986639456376e-08
-0.07389171353880486,0.01803802906535623,1.5853344601029907e-06,8.309044975800683e-08
-0.0806339639273127,-0.023000338353030347,1.5866982847089472e-06,6.831120056673413e-08
-0.0753482190354937,-0.03582773771831133,1.586776465737314e-06,6.070106119677545e-08
-0.07540489716092476,-0.03727395091569867,1.5868317715758995e-06,6.609389013811647e-08
-0.08565018190611062,-0.06461215104162332,1.5712190202110245e-06,6.541806788012139e-08
-0.09321732328560434,-0.076374800467088,1.5671776401631832e-06,7.613656658693069e-08
-0.0864432679058474,-0.0963713237270526,1.5574498933187874e-06,6.601192421480721e-08
-0.08178159402821716,-0.1298400596853179,1.5443334332337318e-06,6.312566608950428e-08
-0.08587302072300323,-0.13728734589490202,1.5292294376719704e-06,6.654919762178921e-08
-0.08642654989762673,-0.18325549591630075,1.497799506031009e-06,6.406800980135657e-08
-0.11889659166885552,-0.265847965999442,1.3932882655475604e-06,7.895936722322e-08
-0.2469577579081019,-0.53510774025592,1.0143679858022181e-06,-2.823936896749262e-08
-0.4154442912938288,-0.6928435667285302,7.739537950304498e-07,-1.3600129037320115e-07
-0.5976236889248828,-0.6729723704036678,7.484588169003132e-07,-4.734748271027516e-07
-0.9753220276000442,-0.8912555340365688,3.810421515807533e-07,-1.0167084787403606e-06
-0.8712550768422946,-0.8083754756679666,3.4033835739897085e-07,-9.06629301360838e-07
-0.7308680493469848,-0.5936708144299045,2.0377217138667183e-07,-9.445290222680198e-07
-0.5304853911795557,-0.29920080099316543,1.6245914430235596e-07,-1.0944655840907947e-06
-0.45170911705300126,-0.19655207777538694,1.0131781584768402e-07,-1.1680207460437098e-06
-0.46943407945174587,-0.08467504082900193,6.55162617038721e-08,-1.2920761709722787e-06
-0.29845207752186,-0.07593620428591706,1.5030677212081034e-07,-1.3495683916124164e-06
-0.14165612107981096,-0.026623373649597666,1.868249856913191e-07,-1.4312336850674768e-06
-0.13694449705566775,-0.02384213523408475,1.6353818727350168e-07,-1.4857788341553405e-06
-0.03826686128944573,0.05213888215139685,1.2898448921023518e-07,-1.6588995895892423e-06
0.16123871308084503,0.05843042895024631,1.3648204983062333e-07,-1.6441057980567372e-06
0.20881306752315348,0.09619432961604879,1.415667122681167e-07,-1.6405035279303973e-06
0.3177349686438162,0.10527865683517883,1.40669367798083e-07,-1.5777631085426285e-06
0.5147273370709822,0.10543562810001895,1.3662900120801674e-07,-1.350714592507725e-06
0.8769645763142568,0.217193590030551,2.0851500899458314e-07,-7.339741652525737e-07
0.8666707685696012,0.5082300494156584,3.642830346925277e-07,-2.84031483463525e-07
0.7104065263402293,0.6608395906540872,3.691568979127947e-07,-3.4170323591633054e-07
0.6496237221346952,0.7487973616534734,3.8543245066260266e-07,-2.1394348006659153e-07
0.6261616286221735,0.8002077592895683,4.5201749516652717e-07,5.7168594308350456e-08
0.49958816123641797,0.75256698041059,6.372523847950124e-07,2.167840714025669e-08
0.3689556837815725,0.7053147823587895,7.272315094612356e-07,-3.871164373853102e-09
0.31414365504860703,0.6877859397181498,7.5060184575566e-07,-2.6757636599024533e-08
0.18752166466338174,0.6018180103407075,8.785626170196751e-07,7.28096050788262e-09
0.07024932231464211,0.4532354745657141,1.1350954193657888e-06,1.1217037291090782e-07
0.037832084984012755,0.39246412632955774,1.2378215263681927e-06,1.3011562199155186e-07
0.036645310278494034,0.3566196610566165,1.296390988548957e-06,1.272584485487135e-07
-0.012915632847987978,0.1767890710406549,1.4551340919356277e-06,1.4893182510890784e-07
-0.023612507693281024,0.16844016189197067,1.4515661414484526e-06,1.560496401266025e-07
-0.011953124106405108,0.1734074560104777,1.4658640037399417e-06,1.500418023542378e-07
-0.017207879519571152,0.11083844053175888,1.5321563037265367e-06,1.3409916586438201e-07
-0.03234440493819794,0.04168990523523758,1.5592028857103924e-06,1.1580807346861374e-07
-0.03789743408339867,-0.016472565189936183,1.5703653992050033e-06,8.66847876982201e-08
-0.027917190931955188,0.016272102335904814,1.5743604497545534e-06,9.36878504232818e-08
-0.02914249860764107,0.02546377019937406,1.5796023429268735e-06,9.880781216186425e-08
-0.03954558504017815,-0.04926397783508619,1.577181626641142e-06,7.240949673219726e-08
-0.04372875690202889,-0.06967966823486282,1.5557878225675793e-06,7.65384640173503e-08
-0.040333370208040085,-0.07698306411834349,1.545778913580427e-06,7.467757315202582e-08
-0.04360928430669579,-0.09786716754494085,1.532282551609381e-06,7.467598671480048e-08
-0.03389265560195145,-0.10344426424867238,1.5054693544731687e-06,5.888247532412671e-08
-0.027962451881040424,-0.1206995613763186,1.4958012568578233e-06,4.4081544824107694e-08
-0.02859814394972405,-0.041150717950408304,1.5393784933914546e-06,8.923419231934239e-08
-0.018580387218858567,0.012999943984274247,1.568302578293574e-06,1.0265968174499114e-07
-0.03929298001352677,-0.04186112834385755,1.5635694409243673e-06,9.645089525741662e-08
-0.03858083363895592,-0.07412680267184081,1.5374013820518645e-06,1.0054654736083751e-07
-0.036539401732692565,-0.2667936409234053,1.2949764910542445e-06,9.643291563552943e-08
-0.06354775176948724,-0.2593774219433208,1.2990801263654152e-06,8.554043764634111e-08
-0.1095716128884028,-0.4725852775297641,1.0242958181673603e-06,-9.696033052895208e-09
-0.05868913159989152,-0.56242978157517,8.189872256072562e-07,4.3736759133800344e-08
0.07815673632487122,-0.6447993947829224,6.063009500035931e-07,-9.51570802161483e-09
0.12302114241023843,-0.6973369653679519,3.87779329310432e-07,-3.575273566670553e-08
0.20196398498455254,-0.7197845295237013,2.359713174789544e-07,-7.71344218773057e-08
0.2792429779846117,-0.674258534468277,1.2580454827125156e-07,-3.875215964741609e-08
0.22456204290147416,-0.44173369115256483,2.1851798201476695e-07,1.0183896488708162e-07
0.17114229804825226,-0.24635832911552366,2.2628845233602852e-07,2.088372811749929e-07
0.12623222325750177,-0.07003708564916791,2.1164384270576394e-07,2.4660189051181656e-07
0.08757101373460023,0.02083388735357485,2.0994282622005465e-07,2.0434290451560308e-07
0.06261265848632828,0.08560030817330931,2.0228007198232084e-07,1.651224746183252e-07
0.04547996211052338,0.10299257042419836,1.9878798604859817e-07,1.4226773113766058e-07
0.04916750619207588,0.10398172023278651,1.978262146200028e-07,1.500724734739277e-07
0.04430929377877823,0.10374934120346437,2.018955371465013e-07,1.4072095484295353e-07
0.04480084399609581,0.10944589765654114,2.0999248565103588e-07,1.3772153086224297e-07
0.049234378224958575,0.10142593564373514,2.1170247847703912e-07,1.4127462143459739e-07
0.05762641059543816,0.08997434324675879,2.111484066334091e-07,1.526388000921203e-07
0.029558913574419175,0.0998716123350241,2.0596500445268193e-07,1.1722317547361752e-07
0.042382033635973135,0.09964692797554706,2.101456625547622e-07,1.3951367611446936e-07
0.03669362939981476,0.11244162499398634,2.1104069054988133e-07,1.2998341888944014e-07
0.04678661716767327,0.08984064835820012,2.0749677348994502e-07,1.5155896515407182e-07
0.06645596547374169,0.08204787147257081,2.108096221771524e-07,1.7020066017664034e-07
0.048936920005520024,0.10008744782417928,2.1223367513088775e-07,1.4131058067837177e-07
0.03731117631323448,0.09591039629876445,2.1380221820741973e-07,1.2982794804135677e-07
0.06016020823161522,0.09555528728541289,2.1910231281196863e-07,1.5471703285731644e-07
0.04376188094862572,0.09776288806397329,2.1374025250345483e-07,1.3882410473385466e-07
0.05044378340501991,0.09792159062952856,2.1588892776640582e-07,1.4749821466960842e-07
0.039711229883646164,0.09928143115790461,2.1419210989147922e-07,1.3327580494443026e-07
0.05440350481553093,0.08889478106749067,2.136131359425175e-07,1.5204653019465982e-07
0.0471715391130468,0.10637937935652099,2.1299869097142633e-07,1.414903768972437e-07
0.05464367327509133,0.09730620940866636,2.1648382748040527e-07,1.4633958668270136e-07
0.050624419445062796,0.10057798302680467,2.1455767858893569e-07,1.4680441278972615e-07
0.06377048249468438,0.08622107566306308,2.144100033131315e-07,1.6126214403666316e-07
0.037332379640733875,0.10367258687175945,2.0690057075880614e-07,1.2923409170667095e-07
0.06375988083093469,0.09496664504226242,2.1339104391008256e-07,1.671235007718881e-07
0.04440776692476097,0.10369432431407187,2.1452684051663539e-07,1.324466270879856e-07
0.04244890566885582,0.10457959607975112,2.178010330287058e-07,1.3464225620785693e-07
0.061355749697542344,0.0900008898577244,2.2298327697197568e-07,1.607232841924558e-07
0.049074945512415084,0.09961576456267439,2.2215339983382898e-07,1.3588919586697462e-07
0.04342385097752968,0.10899941443877897,2.226511523810984e-07,1.345142836050128e-07
0.06213884566797653,0.09052104953925345,2.229000286547331e-07,1.5775347370661828e-07
0.07554403784501855,0.08883803287738304,2.2681733251496257e-07,1.7562839073693886e-07
0.06221448446126763,0.08607930137116704,2.226504284826876e-07,1.5815537113703789e-07
0.0623788102493879,0.10591038922946189,2.3254756755521172e-07,1.4947914595165034e-07
0.05645023755366913,0.10159329471286617,2.3725363112385416e-07,1.422375888303791e-07
0.053858130766868746,0.09191840158312438,2.333211253969978e-07,1.4563309330501636e-07
0.056589078573160326,0.08922911447226045,2.3073912454533901e-07,1.5646740192927552e-07
0.0585593570054113,0.10243586106090508,2.2935937417434494e-07,1.5357585567988812e-07
0.03920805861183373,0.10576592180312006,2.283586570112483e-07,1.3379245466748284e-07
0.05317738162724892,0.09067263453520201,2.2920011652396787e-07,1.5201162857570233e-07
0.0501546841896917,0.09695090802856866,2.27018286713802e-07,1.4986782307185878e-07
0.04102787497009865,0.10996163290290925,2.2965414560722468e-07,1.3867603725948954e-07
0.05339553124671379,0.10164215586638257,2.3641998971397128e-07,1.4545223946132754e-07
0.060162247013105546,0.09400461894487826,2.4012128228841657e-07,1.4982710451640837e-07
0.05201914986259476,0.09704863033560149,2.3339264655998533e-07,1.5082814640559827e-07
0.050377726884733354,0.09930990143633149,2.384285182445905e-07,1.4690911764659862e-07
0.05255596102899757,0.09268709910065029,2.2880255151675384e-07,1.542426881269396e-07
0.01981741173549286,0.14278055399275552,2.0288090766328888e-07,1.1495880074064809e-07
-0.08931081407199082,0.28056592904109867,1.2147129238417364e-07,-1.9769583267964676e-09
-0.06338159107802567,0.44060198088052976,1.2952813691674965e-07,5.406552309558431e-08
-0.04889971839594254,0.4380171489128131,1.9636813844095966e-07,8.405870527787302e-08
0.12254019385667055,0.5492037816073462,5.586986935262046e-07,1.2261600441495856e-07
0.0456383754323217,0.27283586371470697,6.113654880652662e-07,1.7193410725152913e-07
0.05434336076156632,0.3710702510257222,6.199500545393189e-07,1.3905413813152904e-07
0.1282954701257116,0.47508372012390304,8.254186286482109e-07,2.0424295897040662e-07
0.12514922252984062,0.46891201780789105,9.268136312528269e-07,1.7933219284570063e-07
0.09418787906145303,0.42874680305017765,1.0869949760020845e-06,1.8830243773018463e-07
0.05849595090106217,0.3429308434021761,1.2488910913068565e-06,1.6298660130060835e-07
0.028811088523767625,0.3021548642255076,1.3019039092862828e-06,1.651959795430993e-07
0.01531965588968483,0.2783733328687362,1.341889741024229e-06,1.7012133831537332e-07
0.03129024681600395,0.2595806407060382,1.39837871917234e-06,1.5300843996562465e-07
-0.031551930572908254,0.12997623863700983,1.4654250317436295e-06,1.6583055443323554e-07
-0.003145995824495164,0.18895068909758822,1.4628670643192094e-06,1.5140455193080534e-07
-0.028188960504615633,0.0692529820873854,1.53056198986658e-06,1.2719499105969988e-07
-0.022907904810224384,0.04924126185447673,1.5586706755987687e-06,1.1351461405317973e-07
-0.034824786499328464,0.003288308806022086,1.5857792232865892e-06,9.15525059179734e-08
-0.05240846134079346,-0.017710252834521194,1.5530051570764455e-06,1.0592668480437581e-07
-0.031844903473068085,0.05536583431768743,1.5501645797124472e-06,1.2978299898663878e-07
-0.030084211778022615,-0.007277242358290515,1.5615054617754805e-06,9.656458992523269e-08
-0.028234425331849902,0.049307628381890754,1.5747620685928678e-06,1.169926132635347e-07
-0.038411818653407905,0.027149672362436393,1.556593376719123e-06,1.0933646721404113e-07
-0.020411620753469317,0.07245184870874134,1.570757173024931e-06,1.1588369364302164e-07
-0.01886907867788872,0.05482893872924528,1.579593656145944e-06,1.0467551464599055e-07
-0.024987054174058766,0.012120250854232706,1.5907133148546352e-06,8.56001934484956e-08
-0.0275106579027842,0.053353101052954294,1.5926762377853737e-06,9.273440165085212e-08
-0.04101656588544831,0.032395898262828446,1.5969223363037907e-06,7.850617498918105e-08
-0.03718549158697686,0.05177453953423117,1.5912828781242566e-06,8.507772678895011e-08
-0.04659161387074456,0.025574765811889687,1.59381160005288e-06,7.845699543519549e-08
-0.06623996272746262,-0.05988146802085324,1.583661675655303e-06,5.2822813935734204e-08
-0.07293267072575554,-0.060547249329200886,1.5829759990805886e-06,5.844461864993272e-08
-0.07390149968995842,-0.07054127889076837,1.5769777768486594e-06,6.800237412020117e-08
-0.07385256893419061,-0.09306665539532646,1.5654741624228771e-06,6.942276424928942e-08
-0.08306215268229089,-0.21222958285129453,1.4643664027076685e-06,4.3287797399028965e-08
-0.08368724308722482,-0.269453880655604,1.3961019138906767e-06,4.0427979894148374e-08
-0.061826000800906986,-0.24745366536797425,1.4253601502992235e-06,7.499538940950238e-08
-0.0930362794892634,-0.3280729335527116,1.323794597229022e-06,2.4438279099940825e-08
-0.13947931408258996,-0.49289083796738264,1.0332417547280868e-06,4.0540616937147554e-08
-0.10949026550693879,-0.5144285074139485,9.520588644312358e-07,8.637966293854627e-08
0.02686690649459282,-0.4435824317662242,9.657648673820509e-07,1.550438389257366e-07
0.03343687984716812,-0.40114199931868655,9.83119897442051e-07,2.013804974034838e-07
0.29086831392059914,-0.46455637046326315,4.494989078156549e-07,5.417775735331327e-07
0.28133007859625836,-0.34395944509828685,2.776151661370081e-07,1.068023655361795e-06
0.2724503696932928,-0.18387010767017845,1.9392049313434625e-07,1.4254352707332213e-06
0.3136105136888868,-0.08091388620871498,8.053642982966226e-08,1.5119627298777465e-06
0.2692664046398508,-0.031246331292536282,7.182011384484303e-08,1.5795296201174095e-06
0.23540856430815713,0.016995978401582994,6.9578779585309e-08,1.5865072998468657e-06
0.20098190394066254,0.08334461570821701,6.427984321821738e-08,1.4501995558207875e-06
0.18626047443346613,0.06689225737890742,9.723444969201594e-08,1.4801990837519776e-06
0.11427721635452859,0.10054162571178654,3.556192458349539e-08,1.5642189144556478e-06
0.09672534650431268,0.11555585024704615,4.4111164815100854e-08,1.4823672146266098e-06
0.1539841169038183,0.07168834509336088,6.331966436612581e-08,1.572056971973647e-06
0.15091044992900293,0.07545142338110909,4.9505800552100875e-08,1.5604479531710131e-06
0.17850535740056436,0.057960476989456576,6.033546555742383e-08,1.5773012046282145e-06
0.13218424194035927,0.09469656213069925,5.836704099876324e-08,1.5349740018313113e-06
0.11714618966771523,0.09014074048215917,7.541426945448919e-08,1.5361432060663873e-06
0.1110000789869787,0.09422257046824084,8.453799546490939e-08,1.5566436767046466e-06
0.1266440571185476,0.08795680081337247,7.39907956194825e-08,1.5469436706965059e-06
0.11693904946829811,0.09582036866157673,7.828771180633802e-08,1.540483698314919e-06
0.15219488226790825,0.06454076627424357,8.187723446615503e-08,1.583137178367834e-06
0.14946923529349151,0.0705706942983595,6.201375163303383e-08,1.5999111079637681e-06
0.11508457382469765,0.10008937149164054,7.320116723297655e-08,1.5437062811319942e-06
0.1080175455447809,0.09387130878981183,8.507672066223037e-08,1.561599177784202e-06
0.06332806691128365,0.10963576363496909,8.616589821112738e-08,1.577065354294047e-06
-0.01725110168716606,0.09748991965121821,5.5822827644148457e-08,1.5768421954576826e-06
-0.034640276774453964,0.09626358164465473,5.6155965692800856e-08,1.5611888193552473e-06
0.0012483937997533412,0.1021349994699615,7.105495322462228e-08,1.5872682609026208e-06
-0.0025031680205953987,0.0907757431111264,9.367851591846027e-08,1.5872248982851282e-06
-0.008009101313369599,0.09489277621174941,8.128740204103122e-08,1.591441119617675e-06
-0.03595406756681999,0.07359393008050094,6.37114381860534e-08,1.560445309108971e-06
-0.010839541656389085,0.095065521549772,6.264701796280593e-08,1.582216515964728e-06
-0.030612460062166065,0.10727965572839818,7.14273265671403e-08,1.5575833763544566e-06
-0.010744534438939897,0.09782406068924186,4.600937122791337e-08,1.5753329648439753e-06
-0.00953859518741211,0.10384090777462111,5.549171651104631e-08,1.568937507576219e-06
-0.03152012558165917,0.09575361740067045,5.903505445225397e-08,1.5628651546900239e-06
-0.06134301346584878,0.08780521581742391,5.488769567707073e-08,1.5412145170633926e-06
-0.04459360801022515,0.09527577840328948,4.3813642568260054e-08,1.5478913025324426e-06
-0.054429097675855485,0.0825243639027289,7.072340775247365e-08,1.551852636284118e-06
-0.0746413734927977,0.0770242138974484,5.845854175788897e-08,1.5180874351923779e-06
-0.08253900135187325,0.06542969300809924,6.721438259593815e-08,1.521335929817467e-06
-0.08462752911056313,0.0756103183134105,5.8032020814242746e-08,1.5161710190241665e-06
-0.09886760230789361,0.06137825696790574,5.3031475372084894e-08,1.5010945772593467e-06
-0.17461954797169862,0.056889571313764195,5.7585520274458305e-08,1.4149975714152973e-06
-0.06861208499145684,0.08346599912502352,5.500931061008595e-08,1.5287980017130604e-06
-0.024008846815000384,0.07701017112498108,5.971725631459647e-08,1.5680401129190846e-06
-0.020262993582824556,0.10403212032027195,7.699034107449354e-08,1.543698877758276e-06
-0.08913894479235634,0.07907138080973837,6.219979352461068e-08,1.5030284442370368e-06
-0.13029868103165232,0.05407851605260149,5.5858298666277895e-08,1.4590619229739484e-06
-0.12930253239547906,0.06399136684730312,3.345277417377433e-08,1.4568678802913024e-06
-0.13468124572325693,0.05396232653794042,1.3144238597690298e-08,1.4346408371394642e-06
-0.1478799093353289,0.0390483250774133,1.6329970723960352e-08,1.4189086679881703e-06
-0.24946036218747697,-0.02425072220285978,-4.046466523057174e-09,1.26040243668031e-06
-0.1686656943854998,-0.00825696619631841,1.9484140879519314e-08,1.3634309582180108e-06
-0.06874664456981835,0.06354026682763389,2.447353828615077e-08,1.4973918327754018e-06
-0.056308038697339864,0.05708309226036856,1.675953204093196e-08,1.5002104029124236e-06
-0.07102477900710855,0.05783139890280495,1.2432067341140471e-08,1.4818722462123036e-06
-0.0446076756025084,0.058990216181477644,3.827437192878122e-08,1.5269741277163273e-06
0.0480616711117231,0.08171642356899295,5.5687169081963625e-08,1.5602380146448599e-06
0.10722282851985185,0.06324248310462836,9.192349661130496e-08,1.5724313711588273e-06
0.09663971768171899,0.08269133823836766,9.133482242363844e-08,1.5280587219660518e-06
0.06263855101125541,0.06709962873123299,1.1885222793388164e-07,1.5804185537760086e-06
-0.0802779926791018,0.06080846666587577,1.1635101414486867e-07,1.5030987762873602e-06
-0.15845466116935145,0.03100508668832586,9.78837865665079e-08,1.4220799560016261e-06
-0.26901166504525553,-0.053882895776356125,5.2592648155454984e-08,1.2592104935116708e-06
-0.33873167179178226,-0.1146913707945151,-4.483122044454669e-09,1.0848356594511374e-06
-0.2734133942828692,-0.07673741178353854,-9.108560641938676e-11,1.186750502056649e-06
-0.07960091334616455,0.02768272061595599,2.5058592981763264e-08,1.4212185205882662e-06
-0.03227773678346428,0.046977105252554816,2.7368842370005913e-08,1.4870694145625192e-06
0.04458901459925095,0.09152751235499308,2.943774402808622e-08,1.5133651403849474e-06
0.060598954008333365,0.10143132191262673,4.452132565466289e-08,1.503510192341132e-06
0.057132413840332186,0.0753148429913585,9.288859797259e-08,1.5768797411386824e-06
0.028720566625597153,0.09264977995190153,6.417820788134038e-08,1.5449696139757737e-06
0.033805695418768086,0.07190879738442311,9.537808460734794e-08,1.5812255215112987e-06
-0.0219127755647963,0.09018748560146818,9.17790064885083e-08,1.5631311473314725e-06
-0.03765685786754021,0.08368510484886287,6.266395718561876e-08,1.5494153398935865e-06
-0.09317919807173523,0.07411293556155323,5.326761103368944e-08,1.4903681463664106e-06
-0.12977552970123468,0.03947364795310143,6.995926059002804e-08,1.4726026935046385e-06
-0.1488638252825602,0.035556483901705,5.953700561030606e-08,1.4393409218257398e-06
-0.10828595728060326,0.06775733063624326,5.597368807296019e-08,1.45315403074678e-06
-0.11612935355203614,0.04152600876753686,5.4458423919463445e-08,1.462753562397316e-06
-0.10092962590720925,0.048123033959236956,3.0478130824094976e-08,1.4626049661105422e-06
-0.0818030012338656,0.04788103659260843,4.1052549249768134e-08,1.4892618708079399e-06
-0.1124047036473597,0.04591870341536073,3.831114596805011e-08,1.4486755184596438e-06
-0.1259899202299975,0.03899273108778242,5.250027871823628e-08,1.4244474491542427e-06
-0.1526851134298781,0.024035639476122715,4.185057485783942e-08,1.4028052725261466e-06
-0.19593113476822457,-0.00797091684482666,5.230077231621846e-08,1.3311110014385558e-06
-0.26082677287419304,-0.05735780867840519,4.319384074892893e-08,1.2160239705510415e-06
-0.3267291612800845,-0.10688243510221108,2.4010967201646462e-08,1.0826278676458717e-06
-0.4022953739501208,-0.16407556949364785,-1.261194997644372e-09,9.287027382323865e-07
-0.40919705705117215,-0.1607807118659742,4.010957128247466e-09,8.703736719558816e-07
-0.4589741110156287,-0.2204095939968787,-1.051160322995543e-08,7.638930630158398e-07
-0.5213693875018615,-0.2852325706399747,-1.303742956493577e-08,5.376671146822753e-07
-0.6191648425172195,-0.37586096917585055,-5.074547046082245e-09,2.0473158163581152e-07
-0.7306376670385779,-0.45368793785717265,-5.2129101985855816e-08,-1.41211679033628e-07
-0.7431482418976649,-0.4585544318007088,-1.1510406511509647e-07,-1.8397991137917584e-07
-0.6597885831027087,-0.4113016566486699,-7.053639077580194e-08,4.00028147177571e-08
-0.6318756257186564,-0.4013633172601064,-3.912122666242102e-08,9.372486729187308e-08
-0.623097040377611,-0.4054261991216945,-1.9400207036546217e-08,1.0985470337431905e-07
-0.6223628751629446,-0.4013309034633839,-1.4752055340768175e-08,9.984957260650455e-08
-0.607890584753866,-0.38374185003120626,-1.0110418730687374e-08,1.3206588215390386e-07
-0.6065904537974852,-0.382226384805213,-1.4962130659583746e-08,1.442645267919559e-07
-0.6043486096707229,-0.378415407197679,-8.295171075753092e-09,1.3514092630902232e-07
-0.5929261324930228,-0.37082557722921433,-4.690591328991344e-09,1.6808223766840224e-07
-0.5936912871863421,-0.37540015463550186,-2.885043912761847e-09,1.7477964682138166e-07
-0.5923255074659728,-0.37256514971444626,-2.21456920467438e-09,1.7472412151849474e-07
-0.5955437240484522,-0.3747621703219697,-6.30864905682238e-09,1.725792583898343e-07
-0.6001544283888244,-0.37656801315124255,-7.939447396683581e-09,1.5724052567042483e-07
-0.6029891501729735,-0.3741052378839439,-6.026618235972804e-09,1.3452697510281552e-07
-0.5990779517619322,-0.3736543302310208,-9.79899763435912e-09,1.596995033697027e-07
-0.593440109306734,-0.36779291547651266,-8.565357860044519e-10,1.5923732132472015e-07
-0.5150646596211775,-0.30832581377910145,3.4570907659103526e-08,3.784924644901382e-07
-0.2533030575404433,-0.12251800422746285,5.3934755809087205e-08,9.805718321273047e-07
-0.05483359192353615,0.0067391758648052,6.844052172415943e-08,1.2020596212811854e-06
-0.02903872462978348,0.05434244322828857,1.7863856334320903e-07,9.691949619719792e-07
-0.034559744905586096,0.040082681071341435,1.5364857674444992e-07,1.2346307639546526e-06
-0.18277243127336298,-0.023668620429077646,1.9919684387102075e-07,1.1441885065503955e-06
-0.17180337909911142,0.002307815501009681,9.646248442673363e-08,1.3289714264339799e-06
-0.20537212021547685,0.015467239870106914,8.526623726617909e-08,1.2620496873326219e-06
-0.11967581395445809,0.03357683771730582,8.624263144267269e-08,1.4382653173869589e-06
-0.2331223828366011,-0.01899776346635326,5.229324377274609e-08,1.3239011730617915e-06
-0.18068471902726924,0.00106512632102535,4.3373657114172856e-08,1.3862222442096618e-06
-0.12805867180823122,0.06673874871549759,3.667383254249166e-08,1.4377729930346949e-06
-0.024920182141176073,0.06817649777605532,6.750958836786437e-08,1.5667630309526856e-06
-0.01659196363134369,0.08513497301442663,5.478779769637966e-08,1.5520826696817923e-06
-0.07046452185356697,0.07298508932900707,6.049747402176196e-08,1.5299788398211224e-06
-0.03766134318681893,0.08618471834804498,6.21188616822827e-08,1.552573407596831e-06
-0.0327682676100367,0.09841020216469268,8.38420395327616e-08,1.5306287502711036e-06
-0.19786308410845743,0.03311111782493088,1.0210570687800404e-07,1.3917657846874102e-06
-0.07071406870798287,0.06503976561369858,9.728454346204363e-08,1.5381934117739358e-06
-0.10226563941781983,0.06003842258112697,8.426146627198193e-08,1.518415298885615e-06
-0.05558284412123093,0.0715309890950285,8.551554787886028e-08,1.5630438932840787e-06
-0.046067035393283697,0.06649829028283809,9.871916533257672e-08,1.574764491504895e-06
-0.07161276358891853,0.07042180243685672,9.241791922588468e-08,1.5546061624949008e-06
-0.11340696862800392,0.06732565965793291,9.091901517647212e-08,1.5160002126162382e-06
-0.11506042041665826,0.0552861944847906,8.121124792821455e-08,1.519908665127069e-06
-0.07262196042662987,0.07249859382805035,9.118512023228399e-08,1.5678888725702689e-06
-0.18373432838049875,0.027596347946944693,8.457650686036421e-08,1.4482302584117315e-06
-0.1470164853741759,0.052002109394900124,8.190358436830833e-08,1.48920052856856e-06
-0.2059134167011584,0.015480705542335845,8.678222531808664e-08,1.4221397118037805e-06
-0.2003418346443957,0.010637680341827252,9.684064895653809e-08,1.4288640903895909e-06
-0.21431890502947412,0.0064842899261861224,7.891706908469177e-08,1.4079685968822218e-06
-0.20257837793928324,0.00949386766935251,8.016970289474851e-08,1.4231069096988299e-06
-0.21326770929306207,0.007064083299014726,8.157725096471749e-08,1.4098998197978696e-06
-0.27896581179362284,-0.02174687663526287,7.054272270913676e-08,1.3047227334446493e-06
-0.2938509554544924,-0.05786835002262785,8.873979140058516e-08,1.2708930172390788e-06
-0.25903957701977337,-0.01101896793721857,9.15045042111311e-08,1.3337920803493815e-06
-0.24006300666411767,-0.02201811374730279,7.928365123992335e-08,1.3607276691860305e-06
-0.24869276095636927,-0.027107368382854723,9.099053633945965e-08,1.3425079664654024e-06
-0.21226992963169655,-0.008343915965568088,7.379939687966569e-08,1.3930989207691046e-06
-0.1616804212433451,0.014692771350197174,6.837073791735784e-08,1.450453385776842e-06
-0.09792262708712754,0.053535657095029394,8.389734537134709e-08,1.5286213783686392e-06
-0.08654602249295983,0.07598331743415193,8.022906256443451e-08,1.5229493364756383e-06
-0.10642414202363763,0.05165065534972499,1.0034634418038389e-07,1.526286142772938e-06
-0.12724621738433634,0.04061072778946171,1.0240496648103077e-07,1.5054149746363576e-06
-0.0636551955540274,0.06920296673339221,7.325357747791882e-08,1.565788429683918e-06
-0.06978723864248071,0.06619550502443323,9.07169027401754e-08,1.5636805834238489e-06
-0.08235999633702264,0.06488971955171904,1.0040165001896938e-07,1.5496612376635142e-06
-0.1168647420355967,0.03933148892771313,1.0379658878596204e-07,1.517117064422878e-06
-0.15624135998345362,0.04421260274395499,9.177292574185754e-08,1.4770494770472683e-06
-0.2065158766315497,0.021516789302327848,9.496995068333615e-08,1.4131879753535922e-06
-0.2521519615110053,-0.013989687597667179,8.395786327849037e-08,1.347209108776495e-06
-0.2525521743175562,0.005959321076003887,8.98210060669633e-08,1.335090843624527e-06
-0.3019226952528418,-0.03762752099508121,7.635997033836466e-08,1.2674277095265264e-06
-0.3521246312798823,-0.0815356155321994,9.912744403627066e-08,1.1575748638578192e-06
-0.3318326391066683,-0.06710734010564448,8.354886067638562e-08,1.2128204249806704e-06
-0.33149624016076457,-0.07027773644857355,9.711790204787635e-08,1.2105280231900534e-06
-0.38959988160986125,-0.11896672172720113,9.273672408600314e-08,1.0652209495970266e-06
-0.3995523973330363,-0.1298496780226243,1.1227329439680486e-07,1.039872855610535e-06
-0.4518895492148951,-0.18664519034981528,1.303978284674906e-07,9.220211934516606e-07
-0.5634029454879111,-0.2888784975793312,9.332554305335182e-08,6.20227423138632e-07
-0.7052527987025298,-0.40767554348416457,3.458610952573043e-08,1.6166404146708277e-07
-0.6622479652144889,-0.375251166590626,1.8745185381769707e-08,3.005132579281565e-07
-0.7087164845764445,-0.4166109788417918,3.3316681272543016e-08,1.557820610479284e-07
-0.7501524757076796,-0.46918125177366304,-1.0903087490518702e-08,3.4038868375293474e-08
-0.8284316949068927,-0.5463855292977701,-1.0566544329597615e-07,-2.3877465992382625e-07
-0.8845157194116725,-0.5886060865544839,-2.0955876409596187e-07,-4.5971407061014756e-07
-0.8751583240055236,-0.5839610067357406,-3.070051904290016e-07,-4.891260879555532e-07
-0.646447816420761,-0.41194993258311996,-4.130593479852398e-07,7.431427902742283e-08
-0.3514196206405276,-0.3233744719619179,-6.468029596811235e-07,4.177065486385147e-07
-0.1720347807982634,-0.3278883576598022,-7.917793974301534e-07,4.579348949862923e-07
-0.20141749575869164,-0.19038864722945847,-8.023271763943089e-07,2.2899190849812787e-07
-0.3587877769465655,0.06416218851786444,-6.043276413084193e-07,3.5507177786985057e-09
-0.3552553841364268,-0.03655488401867368,-6.72167491317633e-07,2.2494364686490187e-08
-0.2625297670530623,-0.19779438222187903,-8.839218201072259e-07,1.976243428662858e-07
-0.22704722175172792,-0.20452048550023075,-9.899940751237342e-07,1.2831184286633963e-07
-0.1664687034515246,-0.25319292723869136,-1.0486857313562426e-06,1.364566115812381e-07
-0.07062680886019693,-0.27973511376913995,-1.096629667883531e-06,1.1173939079802364e-07
0.02232368582155052,-0.3251973392482231,-1.1385531946925992e-06,1.562447719053194e-07
0.08179820394474235,-0.3007146311018166,-1.169245654827553e-06,1.6080154842890595e-07
0.0383896917216169,-0.12055547868346903,-1.2121940046167976e-06,3.387493652867495e-08
0.027955819688575897,-0.11659907181586256,-1.2047847957974482e-06,1.3902749486454135e-08
0.06759931413351647,-0.07490627272714986,-1.2038522698646493e-06,5.726430935427934e-08
0.056623533980346835,-0.1306803176324033,-1.1909687964831114e-06,5.51691545920129e-08
0.010819249627939377,-0.022521729888664865,-1.197981272778419e-06,-1.8603349260774032e-08
0.03039889154843346,-0.02552649846317806,-1.2066915442115082e-06,1.8572163053039865e-08
0.009172321940054093,-0.0009668436183205463,-1.1989311722730774e-06,-6.18607330841352e-08
0.001803757877718124,0.09528443490686522,-1.1789432151082182e-06,-3.227949576802659e-08
0.023120237749820863,-0.05150639699469568,-1.2398096793363075e-06,6.108054585947496e-09
0.07373054170937363,-0.030485328444855474,-1.2394212716439902e-06,3.2026208348744745e-08
0.05110536799863068,0.14040097734315704,-1.1518309755385024e-06,2.462071938085499e-08
-0.0064598312588709265,0.24930921829655472,-1.0607591624160899e-06,6.364866156145822e-08
-0.03426004402650818,0.2617805468147535,-1.0171240502045146e-06,2.2975583978176825e-08
-0.04356565438280281,0.2697466461386438,-9.86304654483226e-07,1.4162925191409988e-08
-0.11365060301609788,0.4170116620694092,-7.613383110183515e-07,3.478237862156975e-08
-0.1802160031626433,0.5178841669368185,-5.378953393691747e-07,-4.6710786394541255e-08
-0.19919930149721704,0.45412440129956977,-5.16049243568541e-07,-8.541245131913277e-08
-0.25122370429845986,0.3067151103092086,-4.3530069231817285e-07,-8.846317010346268e-08
-0.16005755117704568,0.3396896560966721,-3.437168296548774e-07,-2.0981947473967985e-08
-0.07083761886629662,-0.07640788754742195,-5.451939727062736e-07,1.954599136785128e-07
0.02931629857707039,-0.42159558596745034,-8.900940675171125e-07,2.159905266240535e-07
0.0968168877932283,-0.44610666820891065,-9.694455672244684e-07,2.5600153107195943e-07
0.12851892057705133,-0.41704515058780184,-1.0482412577320082e-06,2.818488239720248e-07
0.16592648336155144,-0.3818121230174272,-1.1202457676884235e-06,2.5294182247668593e-07
0.1813253999579832,-0.38873886481199,-1.1430882372616888e-06,2.3553649086506615e-07
